{
  "project_info": {
    "project_number": "1086260126816",
    "project_id": "calculator0ffood",
    "storage_bucket": "calculator0ffood.appspot.com"
  },
  "client": [
    {
      "client_info": {
        "mobilesdk_app_id": "1:1086260126816:android:e0d0a18896809943e3cf05",
        "android_client_info": {
          "package_name": "com.example.calculator0ffood"
        }
      },
      "oauth_client": [],
      "api_key": [
        {
          "current_key": "AIzaSyDicPAO5B0HZsta4gNWe3p88j_uAsloLDk"
        }
      ],
      "services": {
        "appinvite_service": {
          "other_platform_oauth_client": []
        }
      }
    }
  ],
  "configuration_version": "1"
}